"","A","R","N","D","C","Q","E","G","H","I","L","K","M","F","P","S","T","W","Y","V","X"
"1",2.60322561658815,6.23729864916094,-2.17317730038119,-5.6822226310475,3.9677551553946,1.6510781172732,0.618731006465462,-15.8671415973496,4.38359812772857,8.99781654742816,10.2721858976588,3.42322755260013,9.78825803039395,9.05312160865679,-54.574956385729,-4.03126441391965,-0.547218080492171,9.30372974938404,4.61008986706122,7.96586448312495,-3.44776483337231e-14
"2",2.36474110232253,-37.1232605210563,-6.6873254290944,-7.50450683473079,6.77473108914725,-4.21270112099513,-6.12955640737691,-2.15639182254378,-1.6676418481167,13.3577657657816,10.7968822308487,-11.3605646550729,7.76186331601342,9.08749670761579,7.42165555618793,-3.23838663967863,0.761760680924583,6.69938612486924,4.5065976777423,10.5474550272122,5.7301447045742e-15
"3",8.5301696934069,-18.5420624502012,9.56853174932936,11.0141269717294,3.35910868872746,0.971342692766727,5.24379082141348,28.0595752211075,-2.12548235450584,-4.07654434555419,-2.36569678146233,-0.562922408423238,-4.36922730006633,-7.92468182908086,-18.6486966656808,10.4607389772183,4.66278016170877,-15.5077724795562,-7.02418198795408,-0.722896374922721,-2.44424834344093e-14
"4",-1.48857154925608,-13.4530309876943,5.46926958267221,16.0954208097646,-2.34786510995736,6.892287201909,16.2189736379743,-19.8821259759118,3.75422514074619,-6.08339751120648,-3.52665042450671,3.75740539161663,0.51070226388339,-2.2234336570308,0.462046822112242,0.592240719682618,-0.492599100183035,1.85320178923104,0.273991367958425,-6.38209041180418,3.62864920846306e-15
"5",14.3177241349217,2.38989731153241,-6.70112591601559,-2.38025381650706,-7.24962355770161,1.29564489337697,7.72439465870895,-4.91799440845948,-7.38137462797793,2.50413532688933,11.9470545703043,5.5185626099721,2.91109062922832,-1.8927485246015,3.32325350915485,0.108645377861527,-5.98863966323878,-11.0866237012346,-11.1617046379092,6.71968583169539,6.61504566383287e-15
"6",-0.315575857338153,0.0152907382640657,-1.18821240852281,-3.07746997862458,-1.99816285288253,-1.4321223213077,-3.79711679549939,-8.54927790231353,7.3401414702943,6.82107157374768,-0.839210327590715,1.01394361985619,-5.77268237890281,-3.50065349752434,0.468269071017078,2.50748637140438,22.0543696594813,-12.1414459171796,0.272450138543286,2.11890759507777,1.83732213447542e-16
"7",-1.01289515505458,-5.16645088805207,-0.199408141843431,-4.64844253699477,-18.3575265211868,1.9143129269781,-0.268615671232954,6.51384591648682,7.3060498721546,0.508394021756297,2.51229998837312,10.8264529251317,-0.607757683074914,1.04740419586589,-0.636465121939408,-4.40454784221395,0.150526692204547,3.72052518770425,4.53031346071794,-3.72801562578047,-1.41210917167892e-14
"8",-0.428243291816701,-3.49638728588909,2.38443243938853,-8.70313106449855,9.81689046692902,4.52354529648451,-4.79670644630602,-2.26575238221949,6.5858634230226,-2.78870963179035,-2.70956326096788,11.6491569765695,3.73317004657246,-3.79854235711603,1.12997857279536,1.7368226466687,-5.71793124744289,-4.28704626040862,-2.13237969482995,-0.435466945145291,1.04593394765896e-14
"9",3.96406140407696,0.365965731040365,-8.06867139219872,-1.97895091034481,2.27420173123568,0.146435591146898,4.71823503473829,3.02908384324324,3.75211153377181,-1.42655546954752,-3.79279975067968,-2.24528633011216,7.94405193107446,-4.2922556470001,-0.0639578824869801,-4.60878362413237,5.66242385535577,4.53658039192238,-4.89952972156356,-5.01636031953976,1.8839400001267e-15
"10",-5.13088205503253,1.29666358206616,-1.13809982631383,1.88861793167485,1.13445110755246,1.14982536927245,4.34062033178343,2.42197926736935,5.14799945447893,3.19932574816144,-0.627617490725384,-2.83721007885156,2.3303719494372,3.08149811003979,0.280852807214504,-7.69116080652492,-3.71970240365381,-8.92909381338771,2.36955560622968,1.43200520920948,4.07709578398197e-15
"11",2.0312823985521,0.837787480569767,5.29694544750779,1.12243720043562,-3.69981395401505,-1.4363256410228,-5.47055867201301,-1.64308057326775,4.95507476300772,-3.05370051363572,2.59023017726172,-5.53628319312005,7.4717209180874,3.410159867843,0.434817062030894,2.99357245369954,-0.720820364011051,-2.51704586668362,-3.26151630987141,-3.80488268135523,2.47024242289985e-14
"12",-3.30478221795237,-0.0127938372685696,0.580661900050213,-1.55387472645266,-2.45936111704225,6.13071923277444,-0.557553423775857,0.062370922843347,-6.94551640196964,-0.0295821514649877,-1.53858631293217,-0.663774044309171,7.02154950608627,-2.5874846515683,-0.173072660213837,1.49596872619273,2.15220015491564,-2.10798036246133,3.82252701442218,0.668364450126362,-9.31619232772934e-15
